               epoch,      train/box_loss,      train/obj_loss,      train/cls_loss,   metrics/precision,      metrics/recall,     metrics/mAP_0.5,metrics/mAP_0.5:0.95,        val/box_loss,        val/obj_loss,        val/cls_loss,               x/lr0,               x/lr1,               x/lr2
                   0,             0.11892,             0.11214,              0.0496,           0.0065766,             0.19863,            0.028429,           0.0086658,             0.12328,            0.074806,            0.052198,              0.0008,              0.0008,              0.0928
                   1,             0.10786,             0.12523,             0.04845,           0.0094396,             0.38435,            0.029236,           0.0090721,             0.10705,            0.086778,            0.050706,           0.0016916,           0.0016916,            0.084692
                   2,            0.096336,             0.13297,            0.046972,            0.022432,              0.6833,            0.097467,            0.015769,            0.089033,            0.098418,            0.047913,           0.0025743,           0.0025743,            0.076574
                   3,            0.087545,             0.15795,            0.043884,            0.087496,             0.34433,             0.15721,            0.036959,            0.069641,             0.10064,            0.046364,            0.003448,            0.003448,            0.068448
                   4,            0.082966,             0.14131,            0.042094,             0.19713,             0.30378,              0.2643,             0.08745,            0.067211,             0.12333,            0.041283,           0.0043129,           0.0043129,            0.060313
                   5,            0.077833,             0.11757,            0.038995,            0.079445,              0.5625,             0.16253,            0.074976,            0.066249,             0.19072,            0.036549,           0.0051688,           0.0051688,            0.052169
                   6,            0.074678,              0.1095,            0.038632,             0.66613,             0.15741,              0.1866,            0.094553,            0.080617,             0.17329,            0.033232,           0.0060159,           0.0060159,            0.044016
                   7,            0.086011,            0.096551,            0.037086,            0.033757,             0.44815,            0.041518,            0.017535,              0.1068,              0.1185,             0.03147,            0.006854,            0.006854,            0.035854
                   8,              0.1093,            0.077643,            0.037227,             0.24244,             0.22787,              0.2212,             0.15764,             0.09179,            0.039516,            0.032529,           0.0076832,           0.0076832,            0.027683
                   9,            0.097981,             0.10895,            0.035933,             0.45725,              0.6307,             0.55286,             0.38953,            0.078664,            0.061789,            0.029766,           0.0085035,           0.0085035,            0.019504
                  10,            0.085666,             0.14363,            0.036104,             0.45421,             0.77476,             0.62467,             0.42409,            0.069742,            0.068622,            0.027431,           0.0093149,           0.0093149,            0.011315
                  11,            0.088825,            0.099685,            0.034312,                 0.5,             0.17389,             0.30175,             0.21478,            0.075347,             0.13198,            0.028212,           0.0094555,           0.0094555,           0.0094555
                  12,            0.085286,             0.10365,            0.032401,             0.71585,             0.66019,             0.76451,             0.45086,            0.081229,            0.049061,            0.025131,           0.0094555,           0.0094555,           0.0094555
                  13,            0.082673,             0.10528,            0.030083,             0.66241,             0.79075,             0.77392,             0.53502,            0.068237,            0.085971,            0.023683,            0.009406,            0.009406,            0.009406
                  14,            0.080894,            0.087892,            0.028641,             0.29995,               0.375,            0.087088,            0.015304,            0.072584,             0.13011,            0.022652,           0.0093565,           0.0093565,           0.0093565
                  15,            0.077791,            0.087631,            0.026766,             0.80051,             0.42956,             0.52943,             0.15391,            0.063436,             0.12831,            0.021875,            0.009307,            0.009307,            0.009307
                  16,            0.069536,            0.089986,            0.026116,             0.52855,             0.72794,              0.6211,             0.37508,            0.055938,             0.13039,            0.020728,           0.0092575,           0.0092575,           0.0092575
                  17,            0.064297,            0.079441,            0.025302,             0.58564,             0.84702,             0.83782,              0.5857,            0.050806,             0.12081,             0.02003,            0.009208,            0.009208,            0.009208
                  18,            0.060926,            0.078481,            0.024065,               0.194,             0.70969,             0.27151,            0.088349,            0.059707,             0.11943,            0.018514,           0.0091585,           0.0091585,           0.0091585
                  19,            0.082145,            0.084591,            0.022182,             0.74795,               0.814,             0.86685,             0.32507,             0.08274,            0.061959,            0.016856,            0.009109,            0.009109,            0.009109
                  20,            0.083776,            0.087723,            0.021227,              0.4524,             0.68461,             0.52033,             0.11586,            0.066349,             0.07005,            0.017703,           0.0090595,           0.0090595,           0.0090595
                  21,            0.075795,            0.088536,            0.021831,             0.41803,             0.74583,             0.76739,             0.39384,            0.060126,            0.070401,            0.018183,             0.00901,             0.00901,             0.00901
                  22,            0.073649,            0.099458,            0.021281,             0.88818,             0.85961,             0.93824,             0.58873,            0.050852,            0.099721,            0.019688,           0.0089605,           0.0089605,           0.0089605
                  23,            0.068221,             0.10891,            0.021338,             0.56181,             0.84563,             0.92244,             0.44504,            0.046313,             0.10519,            0.019484,            0.008911,            0.008911,            0.008911
                  24,            0.061993,             0.09691,            0.021474,             0.54639,             0.92275,             0.94293,             0.49139,            0.045804,            0.074883,            0.018081,           0.0088615,           0.0088615,           0.0088615
                  25,            0.056968,            0.079725,            0.020575,             0.56664,             0.92244,             0.92719,             0.51099,            0.041718,            0.074224,            0.017721,            0.008812,            0.008812,            0.008812
                  26,            0.057845,            0.083908,            0.020107,             0.57392,             0.96617,              0.8354,             0.54808,            0.048862,            0.091818,            0.018132,           0.0087625,           0.0087625,           0.0087625
                  27,            0.064631,            0.080375,            0.020029,            0.073254,             0.38786,            0.080473,            0.050118,            0.067282,             0.07468,            0.023701,            0.008713,            0.008713,            0.008713
                  28,              0.0838,            0.091252,             0.02022,             0.89565,             0.92638,              0.9531,             0.52849,             0.06479,            0.075861,            0.020646,           0.0086635,           0.0086635,           0.0086635
                  29,            0.076464,            0.087368,            0.019588,             0.67085,             0.86465,             0.82674,             0.59047,            0.053189,            0.057958,            0.015979,            0.008614,            0.008614,            0.008614
                  30,            0.068523,            0.082896,            0.018383,             0.72088,             0.89252,             0.95503,             0.63409,             0.05108,            0.061247,             0.01514,           0.0085645,           0.0085645,           0.0085645
                  31,            0.065239,            0.076695,            0.017284,             0.85887,             0.93002,             0.99192,             0.78269,            0.046541,            0.064292,            0.014865,            0.008515,            0.008515,            0.008515
                  32,            0.064426,            0.079036,            0.017818,             0.84739,             0.92098,             0.97157,              0.5785,            0.043343,             0.06535,            0.014469,           0.0084655,           0.0084655,           0.0084655
                  33,             0.05946,            0.081608,            0.016631,              0.8069,             0.93728,              0.9746,             0.63391,            0.039339,            0.066937,            0.014206,            0.008416,            0.008416,            0.008416
                  34,            0.060624,            0.091567,            0.016586,               0.714,             0.97342,             0.95946,             0.57253,            0.035341,            0.066285,            0.013996,           0.0083665,           0.0083665,           0.0083665
                  35,            0.055102,            0.080817,             0.01631,             0.55886,             0.94765,             0.64511,             0.35285,            0.037703,            0.066522,            0.013946,            0.008317,            0.008317,            0.008317
                  36,            0.061023,            0.079109,            0.016559,             0.90151,             0.99904,             0.98212,             0.51081,            0.033493,            0.059872,            0.013402,           0.0082675,           0.0082675,           0.0082675
                  37,            0.054809,            0.069705,            0.015111,             0.44004,             0.97656,             0.77607,             0.31256,            0.041765,            0.061471,            0.012804,            0.008218,            0.008218,            0.008218
                  38,             0.05052,            0.067302,            0.014439,             0.55747,             0.96567,              0.8814,             0.56396,            0.033608,            0.055286,             0.01226,           0.0081685,           0.0081685,           0.0081685
                  39,            0.049595,            0.070722,            0.014195,             0.80466,              0.9789,             0.99074,             0.63883,            0.031309,            0.054573,            0.011746,            0.008119,            0.008119,            0.008119
                  40,            0.051135,            0.083058,            0.013362,             0.81452,             0.99132,             0.99203,             0.73554,            0.026975,            0.051174,             0.01137,           0.0080695,           0.0080695,           0.0080695
                  41,            0.048799,             0.07395,            0.013302,             0.85153,             0.98864,             0.99257,             0.73284,            0.027042,            0.049831,            0.011097,             0.00802,             0.00802,             0.00802
                  42,            0.046956,            0.067017,            0.012926,             0.72715,                   1,             0.90081,             0.63255,            0.032534,            0.056216,            0.010378,           0.0079705,           0.0079705,           0.0079705
                  43,            0.054669,            0.071592,            0.012516,             0.66816,                   1,             0.98882,             0.53632,            0.035912,            0.065097,            0.010094,            0.007921,            0.007921,            0.007921
                  44,             0.06048,            0.088795,            0.011962,             0.73888,              0.9906,             0.92984,             0.34705,            0.038203,            0.077109,           0.0099287,           0.0078715,           0.0078715,           0.0078715
                  45,             0.05478,            0.094119,            0.011733,             0.69313,                   1,             0.96774,             0.57478,            0.035577,            0.069358,           0.0098824,            0.007822,            0.007822,            0.007822
                  46,            0.051305,            0.092166,             0.01152,             0.87706,             0.99242,             0.97396,             0.53045,            0.028547,            0.050933,           0.0092531,           0.0077725,           0.0077725,           0.0077725
                  47,            0.049053,            0.073959,            0.010842,             0.75784,             0.98649,             0.93812,             0.53758,            0.028801,            0.051198,           0.0089568,            0.007723,            0.007723,            0.007723
                  48,             0.04272,            0.066641,            0.010524,             0.99233,                   1,               0.995,             0.55979,            0.026978,            0.053319,            0.008772,           0.0076735,           0.0076735,           0.0076735
                  49,            0.046223,            0.071691,            0.010262,             0.99004,                   1,               0.995,             0.70464,            0.021604,            0.050488,            0.008529,            0.007624,            0.007624,            0.007624
                  50,            0.044032,            0.072788,            0.009803,             0.91886,                   1,             0.94796,             0.60167,            0.030667,            0.053635,           0.0080909,           0.0075745,           0.0075745,           0.0075745
                  51,            0.055961,             0.07636,            0.010057,             0.73983,             0.96635,             0.81875,             0.53199,            0.037971,            0.051346,           0.0079872,            0.007525,            0.007525,            0.007525
                  52,            0.059566,            0.068698,           0.0096993,              0.8862,             0.98384,             0.98022,             0.49674,            0.029285,            0.047569,            0.008044,           0.0074755,           0.0074755,           0.0074755
                  53,            0.047927,            0.072121,            0.010163,             0.99617,                   1,               0.995,             0.60678,            0.028186,            0.047772,           0.0080866,            0.007426,            0.007426,            0.007426
                  54,            0.046553,            0.070065,           0.0096723,             0.97868,                   1,             0.99327,             0.71308,            0.021026,            0.043546,           0.0080858,           0.0073765,           0.0073765,           0.0073765
                  55,            0.046773,            0.073462,           0.0095367,              0.9941,             0.98891,               0.995,             0.74996,            0.021883,             0.04157,           0.0080869,            0.007327,            0.007327,            0.007327
                  56,            0.042816,            0.059838,           0.0093047,              0.9978,                   1,               0.995,             0.78924,            0.020595,            0.041246,           0.0081173,           0.0072775,           0.0072775,           0.0072775
                  57,             0.03943,            0.058025,           0.0092246,             0.99813,                   1,               0.995,             0.84456,            0.016837,            0.039067,           0.0080648,            0.007228,            0.007228,            0.007228
                  58,            0.037036,            0.052196,           0.0090566,             0.96961,             0.98163,             0.99414,             0.68403,            0.023417,            0.044084,           0.0078838,           0.0071785,           0.0071785,           0.0071785
                  59,            0.048226,            0.068505,           0.0090067,             0.79837,             0.92936,             0.96862,             0.51119,            0.034399,            0.050446,           0.0078501,            0.007129,            0.007129,            0.007129
                  60,             0.05611,            0.063708,           0.0097805,             0.90932,              0.9307,             0.95724,             0.59547,             0.03755,            0.055972,           0.0079022,           0.0070795,           0.0070795,           0.0070795
                  61,            0.053864,            0.070618,           0.0091744,             0.88576,             0.98461,             0.92969,             0.56887,            0.028912,            0.044538,           0.0078301,             0.00703,             0.00703,             0.00703
                  62,            0.050609,            0.073235,            0.009191,              0.9933,             0.98864,             0.99427,             0.68826,            0.024808,            0.046349,           0.0077523,           0.0069805,           0.0069805,           0.0069805
                  63,            0.046163,            0.063774,           0.0088342,             0.99587,             0.99059,               0.995,             0.74423,            0.024375,            0.041333,           0.0076122,            0.006931,            0.006931,            0.006931
                  64,            0.046972,            0.064352,           0.0085633,             0.99267,             0.98076,               0.995,             0.75122,            0.026758,            0.041763,           0.0074653,           0.0068815,           0.0068815,           0.0068815
                  65,            0.042254,            0.056777,           0.0081308,             0.98811,             0.98042,               0.995,             0.82629,            0.026607,            0.041777,           0.0073227,            0.006832,            0.006832,            0.006832
                  66,            0.044293,            0.056957,           0.0077286,             0.99582,                   1,               0.995,             0.82898,            0.019522,            0.041725,           0.0071102,           0.0067825,           0.0067825,           0.0067825
                  67,            0.044393,            0.060582,           0.0077247,             0.89614,                   1,             0.97372,               0.584,            0.026435,            0.049738,           0.0071146,            0.006733,            0.006733,            0.006733
                  68,            0.053855,            0.077026,           0.0081952,             0.90033,             0.99571,              0.9926,             0.78393,            0.027385,            0.048225,           0.0070273,           0.0066835,           0.0066835,           0.0066835
                  69,            0.045692,            0.062515,            0.008199,             0.99477,                   1,               0.995,             0.73219,            0.021131,            0.043831,           0.0070134,            0.006634,            0.006634,            0.006634
                  70,            0.042908,            0.055387,           0.0081276,             0.99936,             0.99744,               0.995,             0.85097,            0.019169,            0.038601,           0.0069341,           0.0065845,           0.0065845,           0.0065845
                  71,            0.040103,            0.057715,           0.0076585,             0.97955,               0.999,               0.995,             0.81645,            0.019735,            0.041708,           0.0068818,            0.006535,            0.006535,            0.006535
                  72,            0.036592,            0.045857,           0.0077206,             0.99308,                   1,               0.995,             0.87709,            0.017179,            0.039455,           0.0067935,           0.0064855,           0.0064855,           0.0064855
                  73,            0.038228,            0.046137,             0.00741,             0.97906,                   1,             0.99491,              0.8887,            0.017353,            0.038278,           0.0067066,            0.006436,            0.006436,            0.006436
                  74,            0.038203,            0.050883,           0.0073119,             0.99571,                   1,               0.995,             0.74078,            0.019693,            0.043903,           0.0065245,           0.0063865,           0.0063865,           0.0063865
                  75,            0.045996,            0.062289,           0.0072024,             0.96368,                   1,             0.99396,             0.60033,            0.029307,            0.049586,           0.0065225,            0.006337,            0.006337,            0.006337
                  76,            0.054048,            0.090318,           0.0069062,             0.99271,                   1,             0.99458,             0.73787,            0.022705,            0.054445,           0.0065843,           0.0062875,           0.0062875,           0.0062875
                  77,            0.042412,            0.064755,           0.0072058,             0.99519,             0.99645,               0.995,             0.78336,            0.021732,            0.041674,           0.0066099,            0.006238,            0.006238,            0.006238
                  78,            0.043847,            0.067639,           0.0071925,               0.996,             0.99208,               0.995,             0.77023,            0.020063,            0.038411,           0.0063838,           0.0061885,           0.0061885,           0.0061885
                  79,            0.038555,            0.057833,           0.0070517,             0.99728,                   1,               0.995,             0.84465,            0.013897,            0.036148,           0.0061973,            0.006139,            0.006139,            0.006139
                  80,            0.038501,            0.059595,           0.0069274,             0.99685,                   1,               0.995,             0.82381,            0.013774,             0.03593,           0.0061134,           0.0060895,           0.0060895,           0.0060895
                  81,            0.037091,            0.052474,           0.0064332,             0.99678,                   1,               0.995,             0.85731,            0.012662,            0.035788,           0.0059882,             0.00604,             0.00604,             0.00604
                  82,            0.035758,            0.047667,           0.0067094,             0.99762,                   1,               0.995,             0.76757,            0.021098,            0.041051,           0.0057517,           0.0059905,           0.0059905,           0.0059905
                  83,            0.043095,            0.056264,           0.0061495,             0.98564,             0.99302,             0.99462,             0.72155,            0.027689,            0.048063,           0.0057875,            0.005941,            0.005941,            0.005941
                  84,            0.051746,            0.069174,           0.0062772,             0.99636,             0.99425,               0.995,             0.65988,            0.025322,            0.043591,           0.0057193,           0.0058915,           0.0058915,           0.0058915
                  85,            0.043285,            0.056977,            0.006314,              0.9972,                   1,               0.995,               0.853,            0.018263,            0.039711,           0.0056837,            0.005842,            0.005842,            0.005842
                  86,            0.040309,            0.056724,           0.0065757,             0.99694,                   1,               0.995,             0.83419,            0.017243,            0.037809,           0.0056265,           0.0057925,           0.0057925,           0.0057925
                  87,            0.035194,            0.052593,           0.0064379,             0.99695,                   1,               0.995,             0.84789,            0.014279,            0.036205,           0.0055696,            0.005743,            0.005743,            0.005743
                  88,             0.03516,            0.050249,           0.0063125,             0.99713,                   1,               0.995,             0.86015,            0.012679,            0.035493,           0.0055273,           0.0056935,           0.0056935,           0.0056935
                  89,             0.03271,            0.042681,           0.0062604,             0.99755,                   1,               0.995,               0.861,            0.013335,            0.035899,           0.0054921,            0.005644,            0.005644,            0.005644
                  90,            0.034084,            0.046717,           0.0060702,              0.9976,                   1,               0.995,             0.90469,            0.014689,            0.035914,            0.005391,           0.0055945,           0.0055945,           0.0055945
                  91,            0.040279,            0.056382,           0.0058586,             0.94443,                   1,               0.995,             0.71276,            0.023464,            0.050323,           0.0053465,            0.005545,            0.005545,            0.005545
                  92,            0.046783,            0.065569,           0.0055644,             0.99711,                   1,               0.995,              0.7627,            0.021205,            0.048865,           0.0053581,           0.0054955,           0.0054955,           0.0054955
                  93,            0.039042,            0.054433,            0.005705,             0.99717,                   1,               0.995,             0.79828,            0.017977,            0.045062,           0.0052718,            0.005446,            0.005446,            0.005446
                  94,            0.039306,            0.051687,           0.0058312,             0.99623,                   1,               0.995,             0.84869,            0.015579,            0.035529,           0.0052398,           0.0053965,           0.0053965,           0.0053965
                  95,            0.036488,            0.046608,           0.0058674,             0.99566,                   1,               0.995,             0.89821,            0.014316,            0.033854,           0.0052105,            0.005347,            0.005347,            0.005347
                  96,            0.036174,            0.046662,           0.0057312,             0.99562,                   1,               0.995,             0.92345,            0.013831,            0.034275,           0.0051948,           0.0052975,           0.0052975,           0.0052975
                  97,            0.038048,            0.052363,           0.0059906,             0.99587,                   1,               0.995,             0.92008,            0.012702,            0.034059,           0.0051799,            0.005248,            0.005248,            0.005248
                  98,            0.034222,            0.048532,           0.0057796,             0.99639,                   1,               0.995,              0.8582,            0.015854,            0.035215,           0.0050897,           0.0051985,           0.0051985,           0.0051985
                  99,            0.042395,            0.055958,           0.0054193,             0.99662,                   1,               0.995,             0.71865,            0.027689,            0.043432,           0.0050755,            0.005149,            0.005149,            0.005149
                 100,             0.05142,            0.058369,            0.005758,             0.90539,                   1,             0.97924,             0.83279,            0.017893,            0.037611,           0.0050455,           0.0050995,           0.0050995,           0.0050995
                 101,            0.039428,            0.049347,           0.0054098,             0.99603,                   1,               0.995,             0.80038,            0.016071,            0.034705,           0.0050479,             0.00505,             0.00505,             0.00505
                 102,            0.039412,            0.054929,           0.0054988,             0.99607,                   1,               0.995,             0.91601,            0.013979,            0.034766,           0.0050264,           0.0050005,           0.0050005,           0.0050005
                 103,            0.037253,            0.049562,           0.0057716,             0.99633,                   1,               0.995,             0.91169,            0.013211,            0.033354,           0.0049952,            0.004951,            0.004951,            0.004951
                 104,            0.037823,            0.050709,           0.0057199,             0.99747,                   1,               0.995,             0.93152,            0.011625,            0.031963,           0.0049537,           0.0049015,           0.0049015,           0.0049015
                 105,            0.032293,            0.045909,           0.0056517,             0.99785,                   1,               0.995,              0.9127,            0.011355,            0.032132,           0.0049256,            0.004852,            0.004852,            0.004852
                 106,            0.034653,            0.047822,           0.0052597,              0.9978,                   1,               0.995,             0.87883,            0.014041,            0.037984,           0.0047602,           0.0048025,           0.0048025,           0.0048025
                 107,            0.039944,            0.055181,           0.0048781,              0.9975,                   1,               0.995,             0.74724,            0.023518,            0.044939,           0.0047054,            0.004753,            0.004753,            0.004753
                 108,            0.044062,            0.060137,           0.0049391,             0.99759,                   1,               0.995,             0.91712,            0.016183,            0.037405,           0.0046064,           0.0047035,           0.0047035,           0.0047035
                 109,            0.042795,             0.05121,           0.0052684,             0.99753,                   1,               0.995,             0.77449,            0.016842,            0.036356,           0.0045645,            0.004654,            0.004654,            0.004654
                 110,            0.036861,            0.046232,           0.0051216,             0.99821,                   1,               0.995,             0.90598,            0.013154,            0.035508,           0.0045276,           0.0046045,           0.0046045,           0.0046045
                 111,             0.03671,            0.051007,           0.0053336,             0.99774,                   1,               0.995,             0.92692,            0.011808,            0.033029,           0.0044554,            0.004555,            0.004555,            0.004555
                 112,            0.034254,            0.042744,           0.0049594,             0.99718,                   1,               0.995,             0.89954,            0.011088,            0.031811,           0.0044668,           0.0045055,           0.0045055,           0.0045055
                 113,            0.031752,            0.037417,            0.005048,             0.99743,                   1,               0.995,             0.91898,            0.011065,            0.032331,           0.0045154,            0.004456,            0.004456,            0.004456
                 114,            0.033148,            0.047275,           0.0048049,             0.99742,                   1,               0.995,             0.91612,            0.014505,            0.032357,            0.004268,           0.0044065,           0.0044065,           0.0044065
                 115,            0.039934,            0.053368,           0.0049234,             0.74143,             0.99519,             0.98875,             0.65039,            0.024354,            0.042766,           0.0042089,            0.004357,            0.004357,            0.004357
                 116,            0.043252,            0.053352,           0.0044124,             0.99571,                   1,               0.995,             0.91622,            0.013635,            0.032034,           0.0041936,           0.0043075,           0.0043075,           0.0043075
                 117,            0.043335,            0.052159,           0.0048623,             0.91567,             0.98186,             0.99461,               0.818,            0.018504,             0.03467,           0.0042002,            0.004258,            0.004258,            0.004258
                 118,            0.040439,            0.053723,           0.0046722,             0.99734,                   1,               0.995,             0.88759,            0.015759,            0.033951,           0.0041623,           0.0042085,           0.0042085,           0.0042085
                 119,            0.035569,            0.049684,           0.0044459,             0.99736,                   1,               0.995,             0.88098,            0.013421,            0.032522,           0.0040586,            0.004159,            0.004159,            0.004159
                 120,            0.029863,            0.042984,           0.0043614,             0.99744,                   1,               0.995,              0.8911,            0.011376,            0.032154,           0.0039583,           0.0041095,           0.0041095,           0.0041095
                 121,            0.034844,            0.048876,           0.0043515,              0.9971,                   1,               0.995,             0.89747,            0.010432,             0.03155,           0.0038723,             0.00406,             0.00406,             0.00406
                 122,            0.031785,            0.042451,           0.0042862,             0.99794,                   1,               0.995,             0.88216,             0.01185,            0.030639,            0.003717,           0.0040105,           0.0040105,           0.0040105
                 123,            0.034959,            0.042657,           0.0042725,             0.99782,                   1,               0.995,             0.90773,            0.018317,            0.036589,           0.0036137,            0.003961,            0.003961,            0.003961
                 124,            0.039822,            0.050344,           0.0038091,             0.99818,                   1,               0.995,             0.88135,            0.013303,            0.032188,           0.0035454,           0.0039115,           0.0039115,           0.0039115
                 125,            0.036717,              0.0474,           0.0041963,             0.99766,                   1,               0.995,             0.93825,            0.011959,            0.031502,           0.0035057,            0.003862,            0.003862,            0.003862
                 126,            0.033446,            0.042971,           0.0038501,             0.99758,                   1,               0.995,             0.91214,            0.014221,            0.032552,           0.0034434,           0.0038125,           0.0038125,           0.0038125
                 127,            0.033802,             0.04285,             0.00404,             0.99766,                   1,               0.995,             0.93552,             0.01204,            0.029344,           0.0033977,            0.003763,            0.003763,            0.003763
                 128,            0.033816,            0.041163,           0.0036615,             0.99788,                   1,               0.995,             0.94037,             0.01111,            0.028796,           0.0033402,           0.0037135,           0.0037135,           0.0037135
                 129,            0.032707,            0.045755,           0.0037314,             0.99757,                   1,               0.995,             0.93613,            0.010305,            0.028226,           0.0032833,            0.003664,            0.003664,            0.003664
                 130,            0.032536,            0.042079,           0.0036431,             0.99691,                   1,               0.995,             0.90404,            0.013998,            0.033293,           0.0032015,           0.0036145,           0.0036145,           0.0036145
                 131,            0.035761,            0.048697,           0.0037168,             0.99072,                   1,             0.99479,             0.86794,            0.019338,            0.036284,           0.0031415,            0.003565,            0.003565,            0.003565
                 132,            0.043695,            0.056647,           0.0041287,             0.99653,                   1,               0.995,              0.8463,            0.015205,            0.034991,           0.0031079,           0.0035155,           0.0035155,           0.0035155
                 133,            0.038552,            0.049872,           0.0034114,             0.99741,                   1,               0.995,             0.90618,            0.012417,            0.031047,           0.0030874,            0.003466,            0.003466,            0.003466
                 134,            0.033515,            0.040703,           0.0032858,             0.99696,                   1,               0.995,             0.92163,            0.012208,            0.032185,           0.0030489,           0.0034165,           0.0034165,           0.0034165
                 135,            0.033532,            0.039021,           0.0035053,             0.99663,                   1,               0.995,             0.91668,            0.011971,            0.031726,           0.0030479,            0.003367,            0.003367,            0.003367
                 136,            0.033018,            0.042006,           0.0033067,             0.99697,                   1,               0.995,             0.94591,            0.010645,            0.030321,           0.0029976,           0.0033175,           0.0033175,           0.0033175
                 137,            0.031845,             0.03887,           0.0032987,             0.99693,                   1,               0.995,             0.93083,            0.010371,             0.03033,           0.0029708,            0.003268,            0.003268,            0.003268
                 138,            0.033145,            0.044225,           0.0035443,             0.99781,                   1,               0.995,             0.93188,            0.011567,            0.032634,           0.0028975,           0.0032185,           0.0032185,           0.0032185
                 139,            0.036004,            0.041608,             0.00347,             0.99762,                   1,               0.995,             0.86399,            0.020712,            0.043946,           0.0028336,            0.003169,            0.003169,            0.003169
                 140,            0.041609,            0.054651,           0.0035271,             0.99836,                   1,               0.995,             0.89565,               0.014,              0.0338,           0.0027746,           0.0031195,           0.0031195,           0.0031195
                 141,            0.038809,            0.045284,           0.0030497,             0.99791,                   1,               0.995,             0.87449,            0.014125,            0.033657,           0.0027508,             0.00307,             0.00307,             0.00307
                 142,            0.036816,            0.043445,           0.0030922,             0.99754,                   1,               0.995,             0.94914,            0.012398,            0.031354,           0.0027183,           0.0030205,           0.0030205,           0.0030205
                 143,            0.034715,            0.043656,           0.0032078,             0.99809,                   1,               0.995,             0.95244,            0.010069,            0.028357,           0.0026952,            0.002971,            0.002971,            0.002971
                 144,             0.03114,            0.036525,           0.0029299,             0.99801,                   1,               0.995,             0.92809,            0.010504,            0.028461,           0.0026757,           0.0029215,           0.0029215,           0.0029215
                 145,            0.031185,            0.038265,           0.0030522,             0.99765,                   1,               0.995,             0.92058,            0.010054,            0.027941,           0.0026571,            0.002872,            0.002872,            0.002872
                 146,            0.032199,            0.042798,           0.0030769,             0.99782,                   1,               0.995,             0.92194,            0.011442,            0.029376,           0.0026373,           0.0028225,           0.0028225,           0.0028225
                 147,            0.033896,            0.046975,           0.0028971,             0.99764,                   1,               0.995,             0.95826,            0.017228,            0.035688,           0.0026142,            0.002773,            0.002773,            0.002773
                 148,            0.040084,            0.049874,           0.0031901,             0.99831,                   1,               0.995,             0.85967,            0.012373,            0.029815,           0.0026029,           0.0027235,           0.0027235,           0.0027235
                 149,            0.035155,            0.046341,           0.0030457,             0.99728,                   1,               0.995,             0.94861,            0.013652,            0.030308,           0.0025745,            0.002674,            0.002674,            0.002674
                 150,            0.035739,             0.04609,           0.0028999,             0.99691,                   1,               0.995,             0.93188,            0.010784,            0.028022,           0.0025389,           0.0026245,           0.0026245,           0.0026245
                 151,            0.032167,            0.043876,           0.0028712,             0.99727,                   1,               0.995,              0.9579,           0.0099938,            0.027749,           0.0025326,            0.002575,            0.002575,            0.002575
                 152,            0.030995,             0.04405,           0.0028271,             0.99778,                   1,               0.995,             0.94803,           0.0097857,            0.028481,           0.0025206,           0.0025255,           0.0025255,           0.0025255
                 153,            0.028103,            0.037556,           0.0028184,             0.99785,                   1,               0.995,             0.95038,           0.0096998,            0.028603,           0.0025052,            0.002476,            0.002476,            0.002476
                 154,            0.031172,            0.038088,           0.0028648,             0.99788,                   1,               0.995,              0.9419,            0.012343,            0.031354,           0.0024471,           0.0024265,           0.0024265,           0.0024265
                 155,            0.034082,            0.045977,           0.0029169,             0.99762,                   1,               0.995,             0.93205,            0.014053,            0.031325,           0.0024147,            0.002377,            0.002377,            0.002377
                 156,            0.037135,            0.044946,           0.0027756,             0.99773,                   1,               0.995,             0.93288,            0.012387,            0.031125,           0.0023951,           0.0023275,           0.0023275,           0.0023275
                 157,            0.032359,            0.039943,           0.0034469,             0.99726,                   1,               0.995,             0.93311,            0.011512,            0.028887,           0.0023697,            0.002278,            0.002278,            0.002278
                 158,            0.032416,            0.042024,           0.0026878,             0.99714,                   1,               0.995,             0.93513,            0.011003,            0.028387,           0.0023414,           0.0022285,           0.0022285,           0.0022285
                 159,            0.032667,             0.04147,           0.0027307,             0.99714,                   1,               0.995,              0.9385,           0.0097711,            0.027324,           0.0023263,            0.002179,            0.002179,            0.002179
                 160,            0.032005,            0.043653,            0.002734,             0.99724,                   1,               0.995,             0.94708,           0.0095813,            0.027379,           0.0023064,           0.0021295,           0.0021295,           0.0021295
                 161,            0.030632,            0.033689,           0.0025848,             0.99755,                   1,               0.995,             0.94026,           0.0095284,            0.027148,           0.0022874,             0.00208,             0.00208,             0.00208
                 162,            0.032684,            0.038213,           0.0026743,             0.99743,                   1,               0.995,             0.90816,            0.010928,            0.028904,           0.0022413,           0.0020305,           0.0020305,           0.0020305
                 163,            0.030897,            0.039309,           0.0027358,             0.99765,                   1,               0.995,             0.93118,            0.012599,            0.030307,           0.0022296,            0.001981,            0.001981,            0.001981
                 164,            0.036168,            0.049629,           0.0025946,              0.9976,                   1,               0.995,             0.90666,             0.01051,            0.028688,           0.0022245,           0.0019315,           0.0019315,           0.0019315
                 165,            0.035615,            0.043493,           0.0026707,             0.99723,                   1,               0.995,             0.94952,            0.011613,            0.029177,           0.0022158,            0.001882,            0.001882,            0.001882
                 166,            0.034348,             0.04139,           0.0026047,             0.99716,                   1,               0.995,             0.96481,           0.0094938,             0.02781,           0.0021865,           0.0018325,           0.0018325,           0.0018325
                 167,            0.030864,             0.04107,           0.0025879,             0.99746,                   1,               0.995,             0.95946,            0.009668,            0.027434,           0.0021673,            0.001783,            0.001783,            0.001783
                 168,            0.030335,            0.036777,           0.0026453,             0.99754,                   1,               0.995,             0.95683,           0.0092207,            0.027031,           0.0021548,           0.0017335,           0.0017335,           0.0017335
                 169,            0.033449,            0.038425,            0.002772,             0.99774,                   1,               0.995,             0.95565,           0.0093427,            0.027313,            0.002136,            0.001684,            0.001684,            0.001684
                 170,            0.032885,            0.038958,           0.0026587,              0.9978,                   1,               0.995,             0.95932,           0.0096184,            0.028176,           0.0020937,           0.0016345,           0.0016345,           0.0016345
                 171,            0.031033,            0.041958,           0.0023655,             0.99767,                   1,               0.995,             0.91613,            0.012922,            0.030874,           0.0020853,            0.001585,            0.001585,            0.001585
                 172,            0.036947,            0.047014,           0.0027749,             0.99765,                   1,               0.995,             0.95531,           0.0094516,            0.027335,           0.0020736,           0.0015355,           0.0015355,           0.0015355
                 173,            0.031691,            0.038775,           0.0025119,             0.99752,                   1,               0.995,             0.91891,            0.010308,            0.027981,           0.0020513,            0.001486,            0.001486,            0.001486
                 174,            0.033158,            0.038568,           0.0024303,             0.99773,                   1,               0.995,             0.93569,           0.0093043,            0.027687,           0.0020377,           0.0014365,           0.0014365,           0.0014365
                 175,            0.029275,            0.033664,           0.0022803,             0.99791,                   1,               0.995,             0.92541,            0.010464,            0.029363,            0.002026,            0.001387,            0.001387,            0.001387
                 176,            0.030892,            0.036849,           0.0025535,             0.99779,                   1,               0.995,             0.92287,            0.010291,            0.029348,           0.0020058,           0.0013375,           0.0013375,           0.0013375
                 177,            0.033069,            0.042057,           0.0023226,             0.99765,                   1,               0.995,             0.93046,           0.0095975,            0.028422,           0.0019862,            0.001288,            0.001288,            0.001288
                 178,            0.032076,            0.043654,           0.0025656,             0.99744,                   1,               0.995,             0.95311,           0.0095946,            0.027164,           0.0019807,           0.0012385,           0.0012385,           0.0012385
                 179,             0.03379,            0.042465,           0.0023128,             0.99763,                   1,               0.995,              0.9617,            0.010446,            0.027441,           0.0019623,            0.001189,            0.001189,            0.001189
                 180,            0.033081,            0.039395,           0.0025565,             0.99762,                   1,               0.995,             0.95185,            0.009707,            0.027179,            0.001956,           0.0011395,           0.0011395,           0.0011395
                 181,            0.033003,            0.037966,           0.0025263,             0.99759,                   1,               0.995,             0.95639,           0.0093982,            0.026787,           0.0019403,             0.00109,             0.00109,             0.00109
                 182,            0.031359,            0.033314,           0.0025131,             0.99755,                   1,               0.995,             0.95451,           0.0091846,            0.026403,           0.0019246,           0.0010405,           0.0010405,           0.0010405
                 183,            0.032849,            0.039762,           0.0021736,             0.99745,                   1,               0.995,             0.95697,           0.0089982,            0.026201,            0.001902,            0.000991,            0.000991,            0.000991
                 184,            0.030552,            0.037957,           0.0021514,             0.99738,                   1,               0.995,             0.95553,           0.0090185,            0.026091,           0.0018937,           0.0009415,           0.0009415,           0.0009415
                 185,            0.031906,            0.035995,           0.0024481,             0.99742,                   1,               0.995,             0.95401,           0.0090835,             0.02598,           0.0018824,            0.000892,            0.000892,            0.000892
                 186,            0.030607,            0.035249,           0.0023038,             0.99752,                   1,               0.995,             0.95178,            0.009059,            0.026271,           0.0018498,           0.0008425,           0.0008425,           0.0008425
                 187,            0.030432,            0.035727,            0.002119,             0.99746,                   1,               0.995,             0.94603,           0.0095225,            0.027153,           0.0018218,            0.000793,            0.000793,            0.000793
                 188,            0.030899,            0.038006,            0.002267,             0.99764,                   1,               0.995,             0.94399,           0.0093054,            0.026429,           0.0018086,           0.0007435,           0.0007435,           0.0007435
                 189,             0.02917,            0.033254,           0.0022263,             0.99763,                   1,               0.995,             0.94745,           0.0089796,            0.026157,           0.0017973,            0.000694,            0.000694,            0.000694
                 190,            0.032457,            0.035755,           0.0021944,             0.99773,                   1,               0.995,             0.94905,           0.0089878,            0.026287,           0.0017831,           0.0006445,           0.0006445,           0.0006445
                 191,            0.028917,            0.031342,           0.0023201,             0.99776,                   1,               0.995,             0.95224,           0.0089979,            0.026412,           0.0017681,            0.000595,            0.000595,            0.000595
                 192,            0.031946,            0.038423,           0.0022913,             0.99776,                   1,               0.995,             0.95041,           0.0090904,            0.026523,           0.0017666,           0.0005455,           0.0005455,           0.0005455
                 193,            0.030353,            0.036999,            0.002293,             0.99774,                   1,               0.995,             0.94751,           0.0092327,            0.026676,           0.0017695,            0.000496,            0.000496,            0.000496
                 194,            0.030984,             0.03511,           0.0022493,             0.99774,                   1,               0.995,             0.94926,           0.0091161,            0.026749,           0.0017609,           0.0004465,           0.0004465,           0.0004465
                 195,            0.032823,            0.036151,           0.0025261,             0.99765,                   1,               0.995,             0.95452,           0.0090418,            0.026644,           0.0017482,            0.000397,            0.000397,            0.000397
                 196,            0.031434,            0.034885,           0.0022656,             0.99764,                   1,               0.995,             0.95575,           0.0088974,            0.026482,           0.0017501,           0.0003475,           0.0003475,           0.0003475
                 197,            0.030239,            0.034883,            0.002193,             0.99767,                   1,               0.995,             0.95676,            0.008887,            0.026452,           0.0017513,            0.000298,            0.000298,            0.000298
                 198,             0.02972,            0.035057,           0.0021002,             0.99765,                   1,               0.995,             0.95505,            0.008963,            0.026478,           0.0017584,           0.0002485,           0.0002485,           0.0002485
                 199,            0.032477,            0.034864,           0.0025485,             0.99762,                   1,               0.995,             0.95435,           0.0089983,            0.026428,           0.0017427,            0.000199,            0.000199,            0.000199
